mouse,geno,geno2,year,tissue
ME0816_002_A,HH,H,A,adrenal
ME0816_005_A,HH,H,A,adrenal
ME0816_016_A,HH,H,A,adrenal
ME0816_051_A,HH,H,A,adrenal
ME0817_001_A,HH,H,B,adrenal
ME0817_011_A,HH,H,B,adrenal
ME0817_015_A,HH,H,B,adrenal
ME0817_063_A,HH,H,B,adrenal
ME0816_019_A,HL,L,A,adrenal
ME0816_023_A,HL,L,A,adrenal
ME0816_091_A,HL,L,A,adrenal
ME0817_004_A,HL,L,B,adrenal
ME0817_012_A,HL,L,B,adrenal
ME0817_037_A,HL,L,B,adrenal
ME0817_041_A,HL,L,B,adrenal
ME0817_050_A,HL,L,B,adrenal
ME0816_041_A,LL,L,A,adrenal
ME0816_062_A,LL,L,A,adrenal
ME0817_077_A,LL,L,B,adrenal
ME0816_002_LV,HH,H,A,lv
ME0816_005_LV,HH,H,A,lv
ME0816_016_LV,HH,H,A,lv
ME0816_051_LV,HH,H,A,lv
ME0817_001_LV,HH,H,B,lv
ME0817_011_LV,HH,H,B,lv
ME0817_041_LV,HH,H,B,lv
ME0816_019_LV,HL,L,A,lv
ME0816_023_LV,HL,L,A,lv
ME0816_091_LV,HL,L,A,lv
ME0817_004_LV,HL,L,B,lv
ME0817_012_LV,HL,L,B,lv
ME0817_015_LV,HL,L,B,lv
ME0817_037_LV,HL,L,B,lv
ME0817_043_LV,HL,L,B,lv
ME0817_050_LV,HL,L,B,lv
ME0816_041_LV,LL,L,A,lv
ME0816_062_LV,LL,L,A,lv
ME0817_077_LV,LL,L,B,lv